CameraHeadRef,Location.Desc,Location.Lat,Location.Long,CamType,SpeedLimitStd
16/802013,Barking,51.55910705,0.13003959,Red Light,30
16/802014,Barking,51.5459844,0.09420596,Red Light,30
16/802015,Barking,51.53987489,0.14810576,Red Light,20
16/802016,Barking,51.53119573,0.14471277,Red Light,30
16/802019,Barking,51.5513702,0.14749296,Red Light,30
16/802024,Barking,51.53238298,0.1179782,Red Light,40
16/702535,Barking,51.53680342,0.16207874,Speed Camera,30
16/702540,Barking,51.53700394,0.17118753,Speed Camera,30
16/702541,Barking,51.53700394,0.17118753,Speed Camera,30
16/702545,Barking,51.53083022,0.15092436,Speed Camera,30
16/702610,Barking,51.53883339,0.0674304,Speed Camera,50
16/709434,Barking,51.56117233,0.14257291,Speed Camera,30
16/709435,Barking,51.54906249,0.10160244,Speed Camera,30
16/739514,Barking,51.52966019,0.08979486,Average Speed Camera,50
16/739515,Barking,51.53088721,0.09662754,Average Speed Camera,50
16/739516,Barking,51.53123907,0.09857575,Average Speed Camera,50
16/739519,Barking,51.53184135,0.128522,Average Speed Camera,50
16/739523,Barking,51.53110293,0.13846519,Average Speed Camera,50
16/739524,Barking,51.5292044,0.14098591,Average Speed Camera,50
16/739525,Barking,51.52419674,0.15123185,Average Speed Camera,50
16/739526,Barking,51.52408127,0.1526248,Average Speed Camera,50
16/739527,Barking,51.5293808,0.13969658,Average Speed Camera,50
16/739528,Barking,51.53107258,0.13667587,Average Speed Camera,50
16/739529,Barking,51.53153795,0.12987762,Average Speed Camera,50
16/739534,Barking,51.53091843,0.09840241,Average Speed Camera,50
16/739535,Barking,51.53022952,0.09568901,Average Speed Camera,50
16/739536,Barking,51.52919473,0.08916801,Average Speed Camera,50
30/807001,Barnet,51.58986581,-0.200375,Red Light,40
30/807002,Barnet,51.58122535,-0.21162821,Red Light,40
30/807003,Barnet,51.56639594,-0.20628057,Red Light,40
30/807004,Barnet,51.56173242,-0.20357853,Red Light,40
30/807005,Barnet,51.56118156,-0.20342712,Red Light,40
30/807006,Barnet,51.56802745,-0.2065338,Red Light,40
30/807007,Barnet,51.58242287,-0.227126,Red Light,40
30/807008,Barnet,51.58298667,-0.22694526,Red Light,40
30/807009,Barnet,51.62147621,-0.27362588,Red Light,50
30/807010,Barnet,51.62150006,-0.27463616,Red Light,50
30/807011,Barnet,51.58549807,-0.23068701,Red Light,40
30/807012,Barnet,51.58634019,-0.23107291,Red Light,40
30/807016,Barnet,51.59094679,-0.21166465,Red Light,50
30/807021,Barnet,51.59537081,-0.21696276,Red Light,50
30/807022,Barnet,51.58345562,-0.16737205,Red Light,50
30/807025,Barnet,51.59159695,-0.21184119,Red Light,50
30/807027,Barnet,51.59252436,-0.23448535,Red Light,50
30/702563,Barnet,51.66703179,-0.19763753,Speed Camera,30
30/707584,Barnet,51.60088717,-0.17455434,Speed Camera,50
30/707601,Barnet,51.57207246,-0.21113652,Speed Camera,40
30/707602,Barnet,51.57778366,-0.2165116,Speed Camera,40
30/707603,Barnet,51.57772074,-0.21592236,Speed Camera,40
30/707604,Barnet,51.57881052,-0.22313907,Speed Camera,40
30/707605,Barnet,51.60287828,-0.23713119,Speed Camera,50
30/707606,Barnet,51.61158673,-0.24160393,Speed Camera,50
30/707607,Barnet,51.62719645,-0.2542358,Speed Camera,50
30/707608,Barnet,51.62719645,-0.2542358,Speed Camera,50
30/707609,Barnet,51.65077425,-0.25058258,Speed Camera,70
30/707610,Barnet,51.65077425,-0.25058258,Speed Camera,70
30/707616,Barnet,51.6084046,-0.14529641,Speed Camera,50
30/707617,Barnet,51.6084046,-0.14529641,Speed Camera,50
30/707626,Barnet,51.60594455,-0.15982358,Speed Camera,50
30/707627,Barnet,51.5937503,-0.18576976,Speed Camera,50
30/707628,Barnet,51.57185497,-0.21043799,Speed Camera,40
30/707629,Barnet,51.62226216,-0.28183012,Speed Camera,50
30/707630,Barnet,51.58496823,-0.17556804,Speed Camera,40
30/707631,Barnet,51.58518908,-0.1758912,Speed Camera,40
18/703324,Bexley,51.45347745,0.0985623,Speed Camera,50
18/703325,Bexley,51.45316064,0.0986773,Speed Camera,50
18/703326,Bexley,51.44939427,0.12056795,Speed Camera,50
18/703327,Bexley,51.44828504,0.12867672,Speed Camera,50
18/703330,Bexley,51.42992755,0.1392024,Speed Camera,40
18/703331,Bexley,51.42992755,0.1392024,Speed Camera,40
18/703332,Bexley,51.41893096,0.13168436,Speed Camera,40
18/703333,Bexley,51.41893096,0.13168436,Speed Camera,40
18/703334,Bexley,51.46819644,0.18097718,Speed Camera,40
18/703335,Bexley,51.48059836,0.1702777,Speed Camera,30
18/703336,Bexley,51.48059836,0.1702777,Speed Camera,30
18/703337,Bexley,51.48139097,0.15363783,Speed Camera,30
18/703338,Bexley,51.48139097,0.15363783,Speed Camera,30
18/703339,Bexley,51.48137155,0.12414047,Speed Camera,30
18/703340,Bexley,51.48137155,0.12414047,Speed Camera,30
18/703341,Bexley,51.50323456,0.12654095,Speed Camera,50
18/703342,Bexley,51.50323456,0.12654095,Speed Camera,50
18/703343,Bexley,51.49900488,0.14645791,Speed Camera,50
18/703344,Bexley,51.49900488,0.14645791,Speed Camera,50
18/703347,Bexley,51.49350538,0.16190216,Speed Camera,50
18/703348,Bexley,51.49350538,0.16190216,Speed Camera,50
18/703349,Bexley,51.48775966,0.16818385,Speed Camera,50
18/703350,Bexley,51.48775966,0.16818385,Speed Camera,50
18/704475,Bexley,51.42400032,0.08990342,Speed Camera,40
18/704476,Bexley,51.41514972,0.10605291,Speed Camera,40
18/704487,Bexley,51.45580298,0.08768591,Speed Camera,50
18/704528,Bexley,51.43224606,0.07882795,Speed Camera,30
18/704529,Bexley,51.483756,0.13989344,Speed Camera,30
18/709201,Bexley,51.44853314,0.14712451,Speed Camera,50
18/709202,Bexley,51.44565703,0.1578117,Speed Camera,50
18/709226,Bexley,51.45032113,0.15554182,Speed Camera,30
18/709231,Bexley,51.47831775,0.13729124,Speed Camera,30
28/806020,Brent,51.54973076,-0.20674828,Red Light,30
28/806021,Brent,51.5503141,-0.20725904,Red Light,30
28/806022,Brent,51.5520532,-0.2098448,Red Light,30
28/806023,Brent,51.55973443,-0.21880533,Red Light,30
28/807013,Brent,51.54143141,-0.25936566,Red Light,30
28/807017,Brent,51.55186217,-0.26053954,Red Light,40
28/807019,Brent,51.5809114,-0.31883873,Red Light,30
28/807029,Brent,51.54016781,-0.3007861,Red Light,30
28/807030,Brent,51.54830432,-0.31189145,Red Light,40
28/707501,Brent,51.55263513,-0.256875,Speed Camera,40
28/707502,Brent,51.55785291,-0.2533861,Speed Camera,40
28/707506,Brent,51.54771287,-0.27675059,Speed Camera,30
28/707509,Brent,51.54886859,-0.26363942,Speed Camera,40
28/707510,Brent,51.54130786,-0.27658889,Speed Camera,50
28/707511,Brent,51.56738357,-0.24483899,Speed Camera,40
28/707512,Brent,51.56693296,-0.24537582,Speed Camera,40
28/707513,Brent,51.58605116,-0.29054374,Speed Camera,30
28/707515,Brent,51.56328149,-0.25985822,Speed Camera,30
28/707517,Brent,51.54677529,-0.30874625,Speed Camera,30
28/707524,Brent,51.58042307,-0.27831326,Speed Camera,30
28/707525,Brent,51.58042307,-0.27831326,Speed Camera,30
28/707526,Brent,51.57429022,-0.32492792,Speed Camera,40
28/707527,Brent,51.54279854,-0.26789421,Speed Camera,30
28/707528,Brent,51.54155514,-0.26407661,Speed Camera,30
28/709603,Brent,51.54964756,-0.28113427,Speed Camera,30
28/709605,Brent,51.59342173,-0.25908123,Speed Camera,30
28/709612,Brent,51.57995701,-0.32126986,Speed Camera,30
28/709616,Brent,51.52909872,-0.22013125,Speed Camera,30
28/709622,Brent,51.56329785,-0.2225182,Speed Camera,30
19/803005,Bromley,51.36743384,0.02497753,Red Light,40
19/803006,Bromley,51.36760685,0.02537304,Red Light,40
19/803007,Bromley,51.39650648,0.11260066,Red Light,30
19/803008,Bromley,51.40856151,-0.05982825,Red Light,30
19/803009,Bromley,51.36648282,0.05224543,Red Light,30
19/803010,Bromley,51.36592331,0.05338406,Red Light,30
19/803011,Bromley,51.36626609,0.05281038,Red Light,30
19/803012,Bromley,51.31090351,0.03533033,Red Light,30
19/703351,Bromley,51.43113637,0.05147187,Speed Camera,30
19/703352,Bromley,51.43113637,0.05147187,Speed Camera,30
19/703353,Bromley,51.38980995,0.05788741,Speed Camera,30
19/703354,Bromley,51.38980995,0.05788741,Speed Camera,30
19/703355,Bromley,51.40694139,0.02584346,Speed Camera,30
19/703356,Bromley,51.40694139,0.02584346,Speed Camera,30
19/703357,Bromley,51.40198932,-0.05342092,Speed Camera,30
19/703358,Bromley,51.40198932,-0.05342092,Speed Camera,30
19/703359,Bromley,51.41784805,-0.02358022,Speed Camera,30
19/703360,Bromley,51.41784805,-0.02358022,Speed Camera,30
19/703361,Bromley,51.40957126,-0.01699171,Speed Camera,30
19/703362,Bromley,51.40869116,0.10364224,Speed Camera,30
19/704445,Bromley,51.3741937,-0.0084762,Speed Camera,30
19/704446,Bromley,51.3741937,-0.0084762,Speed Camera,30
19/704468,Bromley,51.37449712,0.04494503,Speed Camera,30
19/704469,Bromley,51.37449712,0.04494503,Speed Camera,30
19/704477,Bromley,51.4251956,0.08792976,Speed Camera,40
19/704478,Bromley,51.41491073,0.10584057,Speed Camera,50
19/704515,Bromley,51.39080153,0.03352521,Speed Camera,30
19/704526,Bromley,51.40883038,0.01485499,Speed Camera,30
19/709224,Bromley,51.40165801,0.01880948,Speed Camera,30
02/801042,Camden,51.5352228,-0.13503571,Red Light,30
02/801050,Camden,51.54802157,-0.13008424,Red Light,30
02/802028,Camden,51.52724232,-0.13139737,Red Light,30
02/802029,Camden,51.52646634,-0.13292846,Red Light,30
02/802030,Camden,51.54136286,-0.17552419,Red Light,30
02/802031,Camden,51.55814147,-0.19577108,Red Light,30
02/802032,Camden,51.55324445,-0.18902637,Red Light,30
02/701560,Camden,51.53134762,-0.13507879,Speed Camera,30
02/701561,Camden,51.53069255,-0.13460095,Speed Camera,30
02/701578,Camden,51.53889136,-0.13840425,Speed Camera,30
02/702573,Camden,51.52786137,-0.12961315,Speed Camera,30
02/702596,Camden,51.55488609,-0.19226462,Speed Camera,30
02/702597,Camden,51.55488609,-0.19226462,Speed Camera,30
02/709001,Camden,51.54736751,-0.18000018,Speed Camera,30
02/709002,Camden,51.54736751,-0.18000018,Speed Camera,30
02/709005,Camden,51.54460275,-0.1350703,Speed Camera,30
02/709009,Camden,51.52558537,-0.13577566,Speed Camera,30
02/709011,Camden,51.55493395,-0.1732933,Speed Camera,30
02/709015,Camden,51.54954989,-0.14081049,Speed Camera,30
02/709018,Camden,51.5243523,-0.14137611,Speed Camera,30
00/800005,City of London,51.51102873,-0.10841176,Red Light,30
00/800015,City of London,51.51078116,-0.09256932,Red Light,30
00/800027,City of London,51.51553938,-0.10483776,Red Light,30
00/800046,City of London,51.51676947,-0.08094677,Red Light,30
00/800055,City of London,51.51758708,-0.09412983,Red Light,30
00/700701,City of London,51.51127093,-0.09669943,Speed Camera,30
00/700702,City of London,51.51104647,-0.09561351,Speed Camera,30
00/700703,City of London,51.50918422,-0.083975,Speed Camera,30
00/700704,City of London,51.50924861,-0.08296352,Speed Camera,30
20/804003,Croydon,51.37639263,-0.11981543,Red Light,30
20/804004,Croydon,51.36842231,-0.11851849,Red Light,30
20/804005,Croydon,51.33844299,-0.11701787,Red Light,30
20/804006,Croydon,51.32230507,-0.1364516,Red Light,30
20/804008,Croydon,51.3754676,-0.04573796,Red Light,30
20/804009,Croydon,51.36455634,-0.11857631,Red Light,30
20/804011,Croydon,51.33842523,-0.11759288,Red Light,30
20/804012,Croydon,51.32086742,-0.13879172,Red Light,30
20/804015,Croydon,51.41267305,-0.12396365,Red Light,30
20/804016,Croydon,51.39196179,-0.11773952,Red Light,30
20/804042,Croydon,51.39969135,-0.07486803,Red Light,30
20/804043,Croydon,51.36748787,-0.09630311,Red Light,30
20/804061,Croydon,51.37276739,-0.10688911,Red Light,30
20/704407,Croydon,51.38813998,-0.12111603,Speed Camera,30
20/704408,Croydon,51.36069126,-0.11757112,Speed Camera,30
20/704410,Croydon,51.35374598,-0.11571573,Speed Camera,40
20/704411,Croydon,51.35374598,-0.11571573,Speed Camera,40
20/704414,Croydon,51.30487786,-0.14785936,Speed Camera,40
20/704415,Croydon,51.30487786,-0.14785936,Speed Camera,40
20/704421,Croydon,51.35488828,-0.04280788,Speed Camera,40
20/704422,Croydon,51.3558692,-0.04986106,Speed Camera,40
20/704423,Croydon,51.3625731,-0.06802077,Speed Camera,30
20/704424,Croydon,51.34794405,-0.04808684,Speed Camera,30
20/704425,Croydon,51.34794405,-0.04808684,Speed Camera,30
20/704426,Croydon,51.32809791,-0.13766653,Speed Camera,20
20/704427,Croydon,51.37086809,-0.10622031,Speed Camera,40
20/704428,Croydon,51.37086809,-0.10622031,Speed Camera,40
20/704429,Croydon,51.3292634,-0.12670992,Speed Camera,30
20/704430,Croydon,51.3292634,-0.12670992,Speed Camera,30
20/704431,Croydon,51.33600306,-0.11964455,Speed Camera,30
20/704432,Croydon,51.33577817,-0.1196394,Speed Camera,30
20/704433,Croydon,51.37424003,-0.06984336,Speed Camera,30
20/704434,Croydon,51.37424003,-0.06984336,Speed Camera,30
20/704437,Croydon,51.38125515,-0.12078017,Speed Camera,30
20/704438,Croydon,51.38120653,-0.12055224,Speed Camera,30
20/704439,Croydon,51.39779035,-0.11613433,Speed Camera,30
20/704467,Croydon,51.39477524,-0.09317256,Speed Camera,30
20/704470,Croydon,51.33650037,-0.1142117,Speed Camera,30
20/704480,Croydon,51.38854836,-0.12865936,Speed Camera,30
20/704481,Croydon,51.3820024,-0.11467073,Speed Camera,30
20/704482,Croydon,51.35719646,-0.09774926,Speed Camera,30
20/704483,Croydon,51.35719646,-0.09774926,Speed Camera,30
20/704484,Croydon,51.33863698,-0.05676655,Speed Camera,30
20/704494,Croydon,51.41899878,-0.105209,Speed Camera,30
20/704495,Croydon,51.41899878,-0.105209,Speed Camera,30
20/704496,Croydon,51.39721311,-0.10431269,Speed Camera,30
20/704505,Croydon,51.37922794,-0.07510885,Speed Camera,30
20/704506,Croydon,51.34054257,-0.06758346,Speed Camera,30
20/704516,Croydon,51.39368366,-0.08689324,Speed Camera,30
20/704517,Croydon,51.39350769,-0.07834768,Speed Camera,30
20/704518,Croydon,51.39360091,-0.06708824,Speed Camera,30
20/704519,Croydon,51.39619764,-0.06913512,Speed Camera,30
20/709807,Croydon,51.34199722,-0.06963289,Speed Camera,30
20/709808,Croydon,51.33023789,-0.09122813,Speed Camera,30
20/709817,Croydon,51.41341147,-0.09118881,Speed Camera,30
20/709818,Croydon,51.36511516,-0.08646024,Speed Camera,30
20/709819,Croydon,51.42008626,-0.08856636,Speed Camera,30
20/709826,Croydon,51.40778788,-0.08603106,Speed Camera,30
20/709828,Croydon,51.3478512,-0.00990551,Speed Camera,30
20/709842,Croydon,51.34152139,-0.11663331,Speed Camera,40
20/709848,Croydon,51.32341143,-0.06761427,Speed Camera,30
27/806001,Ealing,51.53025635,-0.29260599,Red Light,40
27/806003,Ealing,51.51978741,-0.26246875,Red Light,40
27/806004,Ealing,51.51105044,-0.29212834,Red Light,40
27/806017,Ealing,51.51084683,-0.37011471,Red Light,30
27/806024,Ealing,51.51726879,-0.29120382,Red Light,40
27/806027,Ealing,51.51401973,-0.24952986,Red Light,40
27/806029,Ealing,51.52912683,-0.29223018,Red Light,40
27/809734,Ealing,51.52195525,-0.26372679,Red Light,40
27/706503,Ealing,51.52462522,-0.26854093,Speed Camera,40
27/706504,Ealing,51.52462522,-0.26854093,Speed Camera,40
27/706505,Ealing,51.53118271,-0.3012939,Speed Camera,40
27/706508,Ealing,51.52232904,-0.29164856,Speed Camera,40
27/706523,Ealing,51.53856003,-0.35905949,Speed Camera,50
27/706524,Ealing,51.5310487,-0.30197651,Speed Camera,40
27/706525,Ealing,51.52157973,-0.29144598,Speed Camera,40
27/706526,Ealing,51.53927351,-0.36121132,Speed Camera,50
27/706527,Ealing,51.5328456,-0.31748105,Speed Camera,40
27/706528,Ealing,51.52691736,-0.29241381,Speed Camera,40
27/706529,Ealing,51.52701286,-0.29217957,Speed Camera,40
27/706530,Ealing,51.508481,-0.34500974,Speed Camera,30
27/706561,Ealing,51.50896218,-0.35172203,Speed Camera,30
27/706562,Ealing,51.51291809,-0.38789721,Speed Camera,30
27/706565,Ealing,51.51938941,-0.37528698,Speed Camera,30
27/706566,Ealing,51.52856447,-0.3728987,Speed Camera,30
27/706567,Ealing,51.50365771,-0.31759158,Speed Camera,30
27/706568,Ealing,51.49810771,-0.31371886,Speed Camera,30
27/709601,Ealing,51.51402144,-0.2496451,Speed Camera,40
27/709609,Ealing,51.53926354,-0.344484,Speed Camera,30
27/709611,Ealing,51.51242429,-0.27050257,Speed Camera,30
27/709615,Ealing,51.53436444,-0.33570776,Speed Camera,50
27/709625,Ealing,51.53122489,-0.25997142,Speed Camera,30
27/759752,Ealing,51.51390518,-0.24848216,Speed Camera and Red Light Camera,40
32/801001,Enfield,51.63450801,-0.06937763,Red Light,40
32/801009,Enfield,51.6804243,-0.05091962,Red Light,40
32/801010,Enfield,51.63007972,-0.07790309,Red Light,40
32/801021,Enfield,51.64932491,-0.05938025,Red Light,30
32/801022,Enfield,51.65249661,-0.08055329,Red Light,30
32/801027,Enfield,51.62963915,-0.07845636,Red Light,40
32/801028,Enfield,51.6130724,-0.0865518,Red Light,40
32/801035,Enfield,51.61201746,-0.10966226,Red Light,30
32/801037,Enfield,51.61106758,-0.13629112,Red Light,40
32/701511,Enfield,51.62222804,-0.08222264,Speed Camera,40
32/701512,Enfield,51.63917411,-0.0643955,Speed Camera,40
32/701513,Enfield,51.63908514,-0.06390794,Speed Camera,40
32/701514,Enfield,51.65467695,-0.05946962,Speed Camera,40
32/701515,Enfield,51.65387559,-0.05995203,Speed Camera,40
32/701516,Enfield,51.67255648,-0.05365815,Speed Camera,40
32/701517,Enfield,51.67255648,-0.05365815,Speed Camera,40
32/701518,Enfield,51.61246086,-0.08654862,Speed Camera,40
32/701519,Enfield,51.61026609,-0.08596206,Speed Camera,40
32/701520,Enfield,51.67779655,-0.12928559,Speed Camera,30
32/701521,Enfield,51.65126506,-0.02960503,Speed Camera,40
32/701541,Enfield,51.66076472,-0.02926529,Speed Camera,40
32/701542,Enfield,51.65100688,-0.02922592,Speed Camera,40
32/701544,Enfield,51.65340771,-0.11570239,Speed Camera,40
32/701545,Enfield,51.65333628,-0.11573427,Speed Camera,40
32/701546,Enfield,51.65490724,-0.10050349,Speed Camera,30
32/702536,Enfield,51.61434998,-0.10208331,Speed Camera,40
32/702538,Enfield,51.61249768,-0.1132387,Speed Camera,30
32/702539,Enfield,51.61256084,-0.11548925,Speed Camera,30
32/702565,Enfield,51.6689283,-0.15874753,Speed Camera,30
32/702566,Enfield,51.62931599,-0.11899869,Speed Camera,30
32/702567,Enfield,51.62931599,-0.11899869,Speed Camera,30
32/702576,Enfield,51.6138953,-0.06001234,Speed Camera,50
32/702577,Enfield,51.61482977,-0.07196134,Speed Camera,50
32/702623,Enfield,51.62206642,-0.04411895,Speed Camera,40
32/702624,Enfield,51.64658518,-0.03099318,Speed Camera,40
32/702625,Enfield,51.64658518,-0.03099318,Speed Camera,40
32/702626,Enfield,51.62558209,-0.04247955,Speed Camera,40
32/702627,Enfield,51.61908985,-0.04573496,Speed Camera,40
32/702639,Enfield,51.6544828,-0.04830274,Speed Camera,30
32/709428,Enfield,51.64224486,-0.06083914,Speed Camera,40
32/709437,Enfield,51.62320518,-0.08203692,Speed Camera,40
32/709443,Enfield,51.64080479,-0.03539174,Speed Camera,40
06/803003,Greenwich,51.43927247,0.0500811,Red Light,40
06/803004,Greenwich,51.45484399,0.0389755,Red Light,40
06/803013,Greenwich,51.43451508,0.06340672,Red Light,40
06/803019,Greenwich,51.44816678,0.02209845,Red Light,40
06/803020,Greenwich,51.44820308,0.02312188,Red Light,40
06/803021,Greenwich,51.44901179,0.02524447,Red Light,40
06/803023,Greenwich,51.47291848,-0.01495185,Red Light,30
06/703301,Greenwich,51.49445379,0.00528866,Speed Camera,30
06/703302,Greenwich,51.47712339,0.02316243,Speed Camera,50
06/703303,Greenwich,51.46006591,0.03396802,Speed Camera,50
06/703304,Greenwich,51.46006591,0.03396802,Speed Camera,50
06/703305,Greenwich,51.4421779,0.03714505,Speed Camera,40
06/703306,Greenwich,51.43340914,0.0695146,Speed Camera,40
06/703307,Greenwich,51.43340914,0.0695146,Speed Camera,40
06/703313,Greenwich,51.49218084,0.05039409,Speed Camera,30
06/703314,Greenwich,51.49470067,0.113595,Speed Camera,20
06/703315,Greenwich,51.4569211,0.06518023,Speed Camera,50
06/703316,Greenwich,51.47277546,0.02602278,Speed Camera,50
06/703317,Greenwich,51.44122926,0.04101687,Speed Camera,40
06/703318,Greenwich,51.43766177,0.0547572,Speed Camera,40
06/703319,Greenwich,51.43643916,0.05985328,Speed Camera,40
06/703365,Greenwich,51.46205347,0.0653256,Speed Camera,30
06/703367,Greenwich,51.47244725,-0.01049416,Speed Camera,30
06/703368,Greenwich,51.47769658,0.05791002,Speed Camera,30
06/703369,Greenwich,51.47819587,0.05866699,Speed Camera,30
06/704488,Greenwich,51.42764887,0.06417607,Speed Camera,30
06/704489,Greenwich,51.42764887,0.06417607,Speed Camera,30
06/704504,Greenwich,51.49287072,0.05618762,Speed Camera,30
06/704507,Greenwich,51.49301132,0.0558626,Speed Camera,30
06/704513,Greenwich,51.46343035,0.03649311,Speed Camera,30
06/704514,Greenwich,51.46343035,0.03649311,Speed Camera,30
06/709213,Greenwich,51.45235947,0.04221852,Speed Camera,30
06/709214,Greenwich,51.44148234,0.05124492,Speed Camera,30
06/709215,Greenwich,51.49093497,0.07926476,Speed Camera,30
06/709234,Greenwich,51.45506841,0.01768205,Speed Camera,30
04/801052,Hackney,51.55826176,-0.06947723,Red Light,30
04/802009,Hackney,51.56414163,-0.09245791,Red Light,30
04/802010,Hackney,51.54925987,-0.05966037,Red Light,30
04/802011,Hackney,51.54625427,-0.06988409,Red Light,30
04/802018,Hackney,51.57263144,-0.09029897,Red Light,30
04/802033,Hackney,51.53522265,-0.07001901,Red Light,30
04/701554,Hackney,51.57163753,-0.06642909,Speed Camera,30
04/701564,Hackney,51.56025843,-0.04993027,Speed Camera,30
04/701569,Hackney,51.54620259,-0.07166026,Speed Camera,30
04/701571,Hackney,51.56895841,-0.07302163,Speed Camera,30
04/701572,Hackney,51.57191989,-0.0726512,Speed Camera,30
04/701573,Hackney,51.56929586,-0.07276207,Speed Camera,30
04/701590,Hackney,51.55162258,-0.02821484,Speed Camera,30
04/702508,Hackney,51.54801244,-0.03011618,Speed Camera,40
04/702523,Hackney,51.57313884,-0.08887791,Speed Camera,30
04/702524,Hackney,51.57313884,-0.08887791,Speed Camera,30
04/702582,Hackney,51.53225349,-0.08691339,Speed Camera,30
04/702583,Hackney,51.53225349,-0.08691339,Speed Camera,30
04/702585,Hackney,51.57415809,-0.07587585,Speed Camera,30
04/702586,Hackney,51.57415809,-0.07587585,Speed Camera,30
04/702587,Hackney,51.53838342,-0.07028898,Speed Camera,30
04/702588,Hackney,51.53838342,-0.07028898,Speed Camera,30
04/702592,Hackney,51.5613869,-0.09172185,Speed Camera,30
04/702593,Hackney,51.5613869,-0.09172185,Speed Camera,30
04/709004,Hackney,51.56591222,-0.10236857,Speed Camera,30
04/709016,Hackney,51.56910399,-0.09457357,Speed Camera,30
04/709024,Hackney,51.53313646,-0.07712926,Speed Camera,30
04/709025,Hackney,51.53760573,-0.07658028,Speed Camera,30
04/709027,Hackney,51.56104914,-0.05693724,Speed Camera,30
04/709028,Hackney,51.55544855,-0.07448648,Speed Camera,30
04/709029,Hackney,51.55354036,-0.07492759,Speed Camera,30
04/709030,Hackney,51.54298071,-0.05518246,Speed Camera,30
04/709041,Hackney,51.5499372,-0.03496604,Speed Camera,30
04/709042,Hackney,51.57399432,-0.07247695,Speed Camera,30
11/806005,Hammersmith,51.49089494,-0.206351,Red Light,40
11/806006,Hammersmith,51.49080797,-0.21361458,Red Light,40
11/806007,Hammersmith,51.51407272,-0.24585268,Red Light,40
11/806018,Hammersmith,51.50380428,-0.22143458,Red Light,30
11/806025,Hammersmith,51.49059074,-0.21293163,Red Light,40
11/806026,Hammersmith,51.50503267,-0.22475854,Red Light,30
11/806030,Hammersmith,51.5145036,-0.23560317,Red Light,40
11/809731,Hammersmith,51.51468426,-0.22611261,Red Light,30
11/706501,Hammersmith,51.51180785,-0.220258,Speed Camera,50
11/706513,Hammersmith,51.51443974,-0.24213456,Speed Camera,40
11/706514,Hammersmith,51.51449242,-0.23306697,Speed Camera,40
11/706531,Hammersmith,51.52448259,-0.23302601,Speed Camera,30
11/706532,Hammersmith,51.52229836,-0.23070328,Speed Camera,30
11/706533,Hammersmith,51.48213012,-0.21834638,Speed Camera,30
11/706534,Hammersmith,51.50576253,-0.22782825,Speed Camera,30
11/706535,Hammersmith,51.50576253,-0.22782825,Speed Camera,30
11/709607,Hammersmith,51.49326751,-0.21982812,Speed Camera,30
11/709614,Hammersmith,51.49130033,-0.23425237,Speed Camera,40
11/709623,Hammersmith,51.51111527,-0.24652838,Speed Camera,30
11/809733,Hammersmith,51.4909141,-0.20760349,Red Light,40
31/801007,Haringey,51.60909979,-0.08557784,Red Light,40
31/801011,Haringey,51.57640358,-0.14434763,Red Light,30
31/801012,Haringey,51.57794821,-0.14763311,Red Light,30
31/801051,Haringey,51.5796369,-0.08095598,Red Light,30
31/802034,Haringey,51.6014467,-0.04953941,Red Light,40
31/802035,Haringey,51.57928006,-0.08112977,Red Light,30
31/809561,Haringey,51.59837353,-0.06813884,Red Light,30
31/702574,Haringey,51.58720178,-0.0712255,Speed Camera,30
31/702575,Haringey,51.57859205,-0.07317741,Speed Camera,30
31/702598,Haringey,51.58196161,-0.16096572,Speed Camera,40
31/702599,Haringey,51.58196161,-0.16096572,Speed Camera,40
31/702611,Haringey,51.60963195,-0.13026962,Speed Camera,30
31/702612,Haringey,51.61032866,-0.13223411,Speed Camera,30
31/702613,Haringey,51.56896859,-0.09841752,Speed Camera,30
31/702614,Haringey,51.58023571,-0.07908332,Speed Camera,30
31/702638,Haringey,51.60174603,-0.11904142,Speed Camera,30
31/702640,Haringey,51.59199531,-0.05927077,Speed Camera,40
31/702641,Haringey,51.59804646,-0.06793613,Speed Camera,30
31/709406,Haringey,51.57502197,-0.08579722,Speed Camera,30
31/709407,Haringey,51.5999591,-0.09192576,Speed Camera,30
31/709419,Haringey,51.58856425,-0.08301968,Speed Camera,30
31/709438,Haringey,51.60156163,-0.11819709,Speed Camera,30
31/709439,Haringey,51.58833731,-0.13531546,Speed Camera,30
31/709441,Haringey,51.60265779,-0.04990631,Speed Camera,40
31/709444,Haringey,51.58461455,-0.06647054,Speed Camera,30
31/709445,Haringey,51.57987779,-0.15195683,Speed Camera,30
29/807031,Harrow,51.59891087,-0.39237606,Red Light,40
29/807032,Harrow,51.59079429,-0.36402082,Red Light,30
29/807033,Harrow,51.59860835,-0.39326753,Red Light,40
29/707503,Harrow,51.60085789,-0.29648537,Speed Camera,40
29/707504,Harrow,51.60269621,-0.29736959,Speed Camera,40
29/707505,Harrow,51.61227645,-0.30442042,Speed Camera,30
29/707516,Harrow,51.61420646,-0.34002513,Speed Camera,30
29/707518,Harrow,51.60280299,-0.37593549,Speed Camera,40
29/707519,Harrow,51.60280299,-0.37593549,Speed Camera,40
29/707522,Harrow,51.62365267,-0.31946878,Speed Camera,30
29/707554,Harrow,51.56839262,-0.36909658,Speed Camera,30
29/707555,Harrow,51.56839262,-0.36909658,Speed Camera,30
29/707556,Harrow,51.56335149,-0.33411663,Speed Camera,30
29/707557,Harrow,51.61458564,-0.32494602,Speed Camera,30
29/707558,Harrow,51.61401634,-0.32853466,Speed Camera,30
29/707561,Harrow,51.59357177,-0.36587002,Speed Camera,30
29/707562,Harrow,51.59357177,-0.36587002,Speed Camera,30
29/709606,Harrow,51.58117059,-0.31872813,Speed Camera,30
29/709613,Harrow,51.60746388,-0.29376854,Speed Camera,30
29/709619,Harrow,51.57954607,-0.36670538,Speed Camera,30
15/802001,Havering,51.59323947,0.21531754,Red Light,40
15/802002,Havering,51.59823417,0.2312561,Red Light,50
15/802003,Havering,51.592063,0.18117435,Red Light,40
15/802017,Havering,51.52025592,0.20606816,Red Light,40
15/802020,Havering,51.58161789,0.16439195,Red Light,40
15/802023,Havering,51.60243018,0.24418444,Red Light,50
15/802026,Havering,51.60320724,0.24728446,Red Light,50
15/809562,Havering,51.57480657,0.18739073,Red Light,30
15/702521,Havering,51.52396183,0.17616099,Speed Camera,30
15/702522,Havering,51.52225845,0.18507528,Speed Camera,30
15/702526,Havering,51.58060465,0.15002514,Speed Camera,50
15/702527,Havering,51.58928825,0.1765949,Speed Camera,50
15/702528,Havering,51.59395827,0.18901824,Speed Camera,50
15/702529,Havering,51.59342559,0.20783344,Speed Camera,50
15/702530,Havering,51.60069318,0.23907328,Speed Camera,50
15/702531,Havering,51.60056904,0.23898053,Speed Camera,50
15/702553,Havering,51.52218858,0.1844809,Speed Camera,30
15/702554,Havering,51.59064205,0.21618738,Speed Camera,40
15/702568,Havering,51.60076221,0.21078864,Speed Camera,30
15/702569,Havering,51.60076221,0.21078864,Speed Camera,30
15/702570,Havering,51.59133476,0.24173213,Speed Camera,30
15/702572,Havering,51.5800009,0.23385654,Speed Camera,30
15/702578,Havering,51.57430813,0.15844506,Speed Camera,30
15/702579,Havering,51.57430813,0.15844506,Speed Camera,30
15/702619,Havering,51.53624635,0.17518915,Speed Camera,30
15/702620,Havering,51.53624635,0.17518915,Speed Camera,30
15/709410,Havering,51.52518232,0.19223605,Speed Camera,30
15/709411,Havering,51.56456784,0.16874804,Speed Camera,30
15/709412,Havering,51.56422496,0.16783713,Speed Camera,30
15/709432,Havering,51.56314787,0.20965698,Speed Camera,30
15/759581,Havering,51.60951502,0.20683829,Speed Camera and Red Light Camera,30
26/806008,Hillingdon,51.48173737,-0.47700649,Red Light,50
26/806009,Hillingdon,51.52095426,-0.41671604,Red Light,40
26/806010,Hillingdon,51.52304639,-0.42249587,Red Light,40
26/806011,Hillingdon,51.52541831,-0.43509975,Red Light,40
26/806012,Hillingdon,51.53006272,-0.44761304,Red Light,40
26/806013,Hillingdon,51.53514091,-0.46175759,Red Light,40
26/806014,Hillingdon,51.53715123,-0.47107625,Red Light,40
26/806015,Hillingdon,51.53775856,-0.48251877,Red Light,30
26/806016,Hillingdon,51.49718989,-0.42690401,Red Light,30
26/806028,Hillingdon,51.52254476,-0.42130237,Red Light,40
26/809732,Hillingdon,51.53413167,-0.45612541,Red Light,40
26/705516,Hillingdon,51.49138768,-0.45376675,Speed Camera,50
26/705517,Hillingdon,51.49138768,-0.45376675,Speed Camera,50
26/705519,Hillingdon,51.49312872,-0.41914954,Speed Camera,60
26/706506,Hillingdon,51.55727279,-0.46395297,Speed Camera,70
26/706507,Hillingdon,51.55727279,-0.46395297,Speed Camera,70
26/706509,Hillingdon,51.48057576,-0.4312342,Speed Camera,40
26/706510,Hillingdon,51.48057576,-0.4312342,Speed Camera,40
26/706511,Hillingdon,51.48153537,-0.46840101,Speed Camera,50
26/706512,Hillingdon,51.48153537,-0.46840101,Speed Camera,50
26/706516,Hillingdon,51.52686579,-0.39056162,Speed Camera,50
26/706517,Hillingdon,51.51088581,-0.40366294,Speed Camera,50
26/706519,Hillingdon,51.56833548,-0.4402775,Speed Camera,30
26/706520,Hillingdon,51.54491792,-0.4496449,Speed Camera,30
26/706521,Hillingdon,51.54315238,-0.45009434,Speed Camera,30
26/706522,Hillingdon,51.53574194,-0.46851387,Speed Camera,40
26/706570,Hillingdon,51.53104785,-0.39717602,Speed Camera,30
26/706592,Hillingdon,51.59517053,-0.48295935,Speed Camera,30
26/706593,Hillingdon,51.59859525,-0.48285968,Speed Camera,30
26/706594,Hillingdon,51.59859525,-0.48285968,Speed Camera,30
26/706595,Hillingdon,51.52780312,-0.44199556,Speed Camera,40
26/706596,Hillingdon,51.52780312,-0.44199556,Speed Camera,40
26/706598,Hillingdon,51.53092073,-0.44925623,Speed Camera,30
26/709604,Hillingdon,51.51392751,-0.39395802,Speed Camera,40
26/709610,Hillingdon,51.61821682,-0.44373903,Speed Camera,30
26/709620,Hillingdon,51.52080537,-0.48021418,Speed Camera,30
26/709624,Hillingdon,51.54828259,-0.40285892,Speed Camera,50
25/805001,Hounslow,51.48766337,-0.26776699,Red Light,40
25/805002,Hounslow,51.48807264,-0.31375802,Red Light,40
25/805003,Hounslow,51.47797088,-0.37209346,Red Light,40
25/805005,Hounslow,51.46685045,-0.4216554,Red Light,50
25/805006,Hounslow,51.45325286,-0.44512356,Red Light,50
25/805012,Hounslow,51.47632057,-0.38475225,Red Light,40
25/805013,Hounslow,51.4876228,-0.26684668,Red Light,40
25/805014,Hounslow,51.47976856,-0.26053401,Red Light,40
25/805015,Hounslow,51.47494202,-0.26677989,Red Light,40
25/805032,Hounslow,51.48276145,-0.33731442,Red Light,40
25/805033,Hounslow,51.48425542,-0.40802042,Red Light,40
25/805036,Hounslow,51.48182032,-0.34643627,Red Light,40
25/805037,Hounslow,51.47899843,-0.36515881,Red Light,40
25/809882,Hounslow,51.4799035,-0.41136899,Red Light,40
25/809883,Hounslow,51.45176834,-0.40556652,Red Light,30
25/705504,Hounslow,51.43443458,-0.38802807,Speed Camera,50
25/705505,Hounslow,51.43443458,-0.38802807,Speed Camera,50
25/705507,Hounslow,51.48975183,-0.24612407,Speed Camera,40
25/705508,Hounslow,51.48975183,-0.24612407,Speed Camera,40
25/705509,Hounslow,51.48045009,-0.35450745,Speed Camera,40
25/705510,Hounslow,51.48094687,-0.35018348,Speed Camera,40
25/705511,Hounslow,51.45739139,-0.44121187,Speed Camera,50
25/705512,Hounslow,51.45739139,-0.44121187,Speed Camera,50
25/705513,Hounslow,51.46958829,-0.41263418,Speed Camera,50
25/705514,Hounslow,51.46958829,-0.41263418,Speed Camera,50
25/705515,Hounslow,51.49142961,-0.29404319,Speed Camera,40
25/705518,Hounslow,51.48991679,-0.41104999,Speed Camera,70
25/705520,Hounslow,51.49595226,-0.28229143,Speed Camera,40
25/705542,Hounslow,51.49202063,-0.32319176,Speed Camera,40
25/705543,Hounslow,51.47655072,-0.40022435,Speed Camera,40
25/705562,Hounslow,51.47611567,-0.2652666,Speed Camera,40
25/705566,Hounslow,51.49521157,-0.35035996,Speed Camera,60
25/705567,Hounslow,51.49497062,-0.33015686,Speed Camera,40
25/705576,Hounslow,51.49213949,-0.29030011,Speed Camera,40
25/705577,Hounslow,51.49262465,-0.28534087,Speed Camera,40
25/705593,Hounslow,51.48654719,-0.29655883,Speed Camera,30
25/705594,Hounslow,51.47570898,-0.33271795,Speed Camera,30
25/705595,Hounslow,51.48588045,-0.31954258,Speed Camera,40
25/705596,Hounslow,51.44364367,-0.39531605,Speed Camera,30
25/705597,Hounslow,51.46105333,-0.41388029,Speed Camera,30
25/709801,Hounslow,51.48781607,-0.38562806,Speed Camera,70
25/709805,Hounslow,51.48870942,-0.30117404,Speed Camera,30
25/709814,Hounslow,51.46310808,-0.36640328,Speed Camera,30
25/709815,Hounslow,51.46162533,-0.36776621,Speed Camera,30
25/709835,Hounslow,51.48118259,-0.41485301,Speed Camera,40
25/709837,Hounslow,51.48255037,-0.34018813,Speed Camera,40
25/709838,Hounslow,51.48234874,-0.3405555,Speed Camera,40
25/709839,Hounslow,51.43953055,-0.38587748,Speed Camera,30
03/801002,Islington,51.54291501,-0.10328184,Red Light,30
03/801003,Islington,51.55759382,-0.11908822,Red Light,30
03/801004,Islington,51.55641576,-0.11740571,Red Light,30
03/801005,Islington,51.55589102,-0.11664839,Red Light,30
03/801006,Islington,51.55807315,-0.11981862,Red Light,30
03/801013,Islington,51.55318429,-0.12394383,Red Light,30
03/801014,Islington,51.56010656,-0.1154067,Red Light,30
03/801015,Islington,51.54654653,-0.08660212,Red Light,30
03/801016,Islington,51.54083795,-0.09608559,Red Light,30
03/801017,Islington,51.5493136,-0.11081891,Red Light,20
03/801018,Islington,51.52642923,-0.10927262,Red Light,30
03/801019,Islington,51.52608969,-0.1038373,Red Light,20
03/801020,Islington,51.52681138,-0.10008782,Red Light,30
03/801025,Islington,51.55714271,-0.13816375,Red Light,30
03/801029,Islington,51.53165636,-0.11165123,Red Light,30
03/801030,Islington,51.53195622,-0.10682311,Red Light,30
03/801031,Islington,51.53688245,-0.11620778,Red Light,20
03/801034,Islington,51.52952076,-0.09691847,Red Light,30
03/801039,Islington,51.56474595,-0.10420619,Red Light,30
03/801040,Islington,51.55294599,-0.11245705,Red Light,30
03/801041,Islington,51.55979638,-0.11513099,Red Light,30
03/801054,Islington,51.55354927,-0.12314985,Red Light,30
03/701501,Islington,51.53567507,-0.10378485,Speed Camera,30
03/701503,Islington,51.54775031,-0.1058932,Speed Camera,30
03/701504,Islington,51.55434535,-0.11447634,Speed Camera,30
03/701505,Islington,51.55434535,-0.11447634,Speed Camera,30
03/701506,Islington,51.56036742,-0.12325865,Speed Camera,30
03/701507,Islington,51.56036742,-0.12325865,Speed Camera,30
03/701508,Islington,51.56931947,-0.13708918,Speed Camera,30
03/701509,Islington,51.56931947,-0.13708918,Speed Camera,30
03/701522,Islington,51.54202822,-0.09850196,Speed Camera,30
03/701523,Islington,51.54202822,-0.09850196,Speed Camera,30
03/701547,Islington,51.55453529,-0.12295057,Speed Camera,30
03/701548,Islington,51.55591967,-0.1217972,Speed Camera,30
03/701549,Islington,51.55269763,-0.12443986,Speed Camera,30
03/701550,Islington,51.54984229,-0.12809119,Speed Camera,30
03/701559,Islington,51.53671193,-0.10339567,Speed Camera,30
03/701565,Islington,51.52499964,-0.09207584,Speed Camera,20
03/701566,Islington,51.52510935,-0.09218659,Speed Camera,20
03/701575,Islington,51.54062537,-0.11688958,Speed Camera,20
03/701576,Islington,51.5408178,-0.11711236,Speed Camera,20
03/701577,Islington,51.53938209,-0.09503599,Speed Camera,20
03/702589,Islington,51.55438314,-0.12131236,Speed Camera,30
03/702590,Islington,51.56070095,-0.11434339,Speed Camera,30
03/702591,Islington,51.56166039,-0.10859049,Speed Camera,30
03/709008,Islington,51.56412441,-0.12989973,Speed Camera,30
03/709010,Islington,51.5471744,-0.09533054,Speed Camera,30
03/709014,Islington,51.52917416,-0.09495775,Speed Camera,30
03/709019,Islington,51.54860328,-0.09804019,Speed Camera,30
03/709020,Islington,51.54177974,-0.09372441,Speed Camera,30
03/709022,Islington,51.55904263,-0.13775436,Speed Camera,30
03/709034,Islington,51.56513067,-0.12027791,Speed Camera,30
03/709035,Islington,51.53151373,-0.11172922,Speed Camera,30
12/806019,Kensington,51.49260529,-0.20059361,Red Light,40
12/809885,Kensington,51.48308876,-0.18526933,Red Light,30
12/709821,Kensington,51.48290874,-0.1702113,Speed Camera,30
12/709822,Kensington,51.49561339,-0.17527792,Speed Camera,30
12/709823,Kensington,51.49470834,-0.18999414,Speed Camera,30
12/709824,Kensington,51.49476018,-0.19277252,Speed Camera,30
12/709825,Kensington,51.49544138,-0.17751782,Speed Camera,30
23/805016,Kingston,51.34106499,-0.31835244,Red Light,30
23/805017,Kingston,51.34151615,-0.31783341,Red Light,30
23/805020,Kingston,51.37531379,-0.27660787,Red Light,40
23/805031,Kingston,51.39916573,-0.24411328,Red Light,30
23/805040,Kingston,51.41275601,-0.28065153,Red Light,30
23/805041,Kingston,51.41302234,-0.2810298,Red Light,30
23/705506,Kingston,51.43336388,-0.25733276,Speed Camera,40
23/705523,Kingston,51.37449983,-0.30092098,Speed Camera,50
23/705524,Kingston,51.38822994,-0.27067583,Speed Camera,50
23/705525,Kingston,51.41203148,-0.25959711,Speed Camera,30
23/705526,Kingston,51.39785428,-0.24541416,Speed Camera,50
23/705527,Kingston,51.41008791,-0.24565068,Speed Camera,50
23/705531,Kingston,51.40181768,-0.24165395,Speed Camera,50
23/705535,Kingston,51.3738324,-0.27493926,Speed Camera,40
23/705547,Kingston,51.332616,-0.32301125,Speed Camera,40
23/705548,Kingston,51.36911754,-0.30619137,Speed Camera,30
23/705549,Kingston,51.36911754,-0.30619137,Speed Camera,30
23/705553,Kingston,51.43286465,-0.26307773,Speed Camera,30
23/705554,Kingston,51.42607916,-0.27367791,Speed Camera,30
23/705555,Kingston,51.42315574,-0.27606082,Speed Camera,30
23/705556,Kingston,51.41812884,-0.2803347,Speed Camera,30
23/705557,Kingston,51.38958838,-0.2670601,Speed Camera,50
23/705558,Kingston,51.37386831,-0.29644712,Speed Camera,50
23/705559,Kingston,51.40950987,-0.24488193,Speed Camera,50
23/705564,Kingston,51.41550448,-0.26639699,Speed Camera,30
23/705580,Kingston,51.35001298,-0.3133864,Speed Camera,40
23/705584,Kingston,51.42476185,-0.30416485,Speed Camera,30
23/705585,Kingston,51.4245568,-0.30428753,Speed Camera,30
23/709804,Kingston,51.40066683,-0.30824784,Speed Camera,30
23/709806,Kingston,51.40722856,-0.2833034,Speed Camera,30
09/803024,Lambeth,51.44110091,-0.09343056,Red Light,30
09/804001,Lambeth,51.42760544,-0.13099078,Red Light,30
09/804002,Lambeth,51.44491054,-0.1238663,Red Light,30
09/804017,Lambeth,51.45430984,-0.14602135,Red Light,30
09/804018,Lambeth,51.44121743,-0.10616036,Red Light,30
09/804021,Lambeth,51.42862691,-0.13132312,Red Light,30
09/804022,Lambeth,51.43831869,-0.12666875,Red Light,30
09/804030,Lambeth,51.45625807,-0.14411439,Red Light,30
09/804031,Lambeth,51.44770352,-0.13150881,Red Light,30
09/804040,Lambeth,51.42746326,-0.13335573,Red Light,30
09/804041,Lambeth,51.48116015,-0.11097313,Red Light,30
09/804044,Lambeth,51.48157285,-0.11091288,Red Light,30
09/804047,Lambeth,51.44034855,-0.09638288,Red Light,30
09/804050,Lambeth,51.4858257,-0.11142861,Red Light,30
09/804052,Lambeth,51.4775214,-0.11676857,Red Light,30
09/804053,Lambeth,51.4773781,-0.11736491,Red Light,30
09/804055,Lambeth,51.47699941,-0.11226817,Red Light,30
09/804056,Lambeth,51.47659019,-0.11254427,Red Light,30
09/804057,Lambeth,51.44540067,-0.12414842,Red Light,30
09/804060,Lambeth,51.47225713,-0.12271617,Red Light,30
09/809362,Lambeth,51.45541269,-0.11369111,Red Light,30
09/703366,Lambeth,51.44009143,-0.09660942,Speed Camera,30
09/704401,Lambeth,51.44074242,-0.12527457,Speed Camera,30
09/704402,Lambeth,51.44074242,-0.12527457,Speed Camera,30
09/704444,Lambeth,51.43940423,-0.09970282,Speed Camera,30
09/704448,Lambeth,51.42383218,-0.13009464,Speed Camera,30
09/704461,Lambeth,51.44381365,-0.11939273,Speed Camera,30
09/704462,Lambeth,51.44381365,-0.11939273,Speed Camera,30
09/704471,Lambeth,51.45061586,-0.1224235,Speed Camera,30
09/704472,Lambeth,51.45722645,-0.11799227,Speed Camera,30
09/704473,Lambeth,51.47463845,-0.11252399,Speed Camera,30
09/704474,Lambeth,51.47015005,-0.12478962,Speed Camera,30
09/704499,Lambeth,51.45509274,-0.14548586,Speed Camera,30
09/704501,Lambeth,51.47204082,-0.11260234,Speed Camera,30
09/704502,Lambeth,51.45709077,-0.14331773,Speed Camera,30
09/704503,Lambeth,51.4698364,-0.14066973,Speed Camera,30
09/704508,Lambeth,51.47283628,-0.11285751,Speed Camera,30
09/704509,Lambeth,51.48876676,-0.12321968,Speed Camera,30
09/704510,Lambeth,51.46680734,-0.11317809,Speed Camera,30
09/704511,Lambeth,51.49152788,-0.11091926,Speed Camera,30
09/704512,Lambeth,51.45308458,-0.11319696,Speed Camera,30
09/704521,Lambeth,51.47888293,-0.11531559,Speed Camera,30
09/709204,Lambeth,51.42384117,-0.13009427,Speed Camera,30
09/709206,Lambeth,51.418275,-0.12730112,Speed Camera,30
09/709208,Lambeth,51.46928532,-0.11237042,Speed Camera,30
09/709210,Lambeth,51.4641251,-0.13155819,Speed Camera,30
09/709229,Lambeth,51.48718729,-0.10719514,Speed Camera,30
09/709232,Lambeth,51.47960692,-0.1240132,Speed Camera,30
09/709233,Lambeth,51.53926354,-0.344484,Speed Camera,30
07/803001,Lewisham,51.44512627,-0.0025148,Red Light,30
07/803002,Lewisham,51.44653518,0.01448531,Red Light,30
07/803025,Lewisham,51.44890423,-0.04094944,Red Light,30
07/803026,Lewisham,51.44890415,-0.04148194,Red Light,30
07/803027,Lewisham,51.47205051,-0.03120314,Red Light,30
07/803028,Lewisham,51.47247065,-0.03158823,Red Light,30
07/803029,Lewisham,51.47279021,-0.03240964,Red Light,30
07/803030,Lewisham,51.46950392,-0.02790038,Red Light,30
07/803031,Lewisham,51.46994012,-0.02816952,Red Light,30
07/803032,Lewisham,51.47538584,-0.0386485,Red Light,30
07/803033,Lewisham,51.47540293,-0.03805736,Red Light,30
07/803034,Lewisham,51.43346467,-0.01748253,Red Light,30
07/804059,Lewisham,51.43291772,-0.01757814,Red Light,30
07/804062,Lewisham,51.45263313,-0.01669567,Red Light,30
07/704498,Lewisham,51.45369276,-0.01607401,Speed Camera,30
07/704527,Lewisham,51.4412791,-0.02065533,Speed Camera,30
07/709207,Lewisham,51.45013981,-0.01709152,Speed Camera,30
07/709209,Lewisham,51.43061478,-0.00533431,Speed Camera,30
07/709211,Lewisham,51.44569482,-0.04262661,Speed Camera,30
07/709216,Lewisham,51.42715857,-0.06416195,Speed Camera,30
07/709218,Lewisham,51.42036521,-0.00071758,Speed Camera,30
07/709219,Lewisham,51.41871518,0.00164105,Speed Camera,30
07/709220,Lewisham,51.46005773,-0.00429602,Speed Camera,30
07/709222,Lewisham,51.44228794,-0.03518875,Speed Camera,30
07/709223,Lewisham,51.44514655,-0.01058722,Speed Camera,30
22/804026,Merton,51.38988397,-0.18849841,Red Light,30
22/804027,Merton,51.38967272,-0.18879422,Red Light,30
22/805046,Merton,51.40109853,-0.1683014,Red Light,30
22/805047,Merton,51.41270159,-0.19219854,Red Light,30
22/805048,Merton,51.40695106,-0.22901946,Red Light,30
22/704451,Merton,51.39577444,-0.20077228,Speed Camera,40
22/704452,Merton,51.39568081,-0.20053157,Speed Camera,40
22/704457,Merton,51.39627993,-0.1868945,Speed Camera,40
22/704458,Merton,51.39627993,-0.1868945,Speed Camera,40
22/704459,Merton,51.39032545,-0.20549931,Speed Camera,30
22/704460,Merton,51.39032545,-0.20549931,Speed Camera,30
22/705604,Merton,51.3925987,-0.14019451,Speed Camera,40
22/705605,Merton,51.3925987,-0.14019451,Speed Camera,40
22/709802,Merton,51.40745193,-0.1923337,Speed Camera,30
22/709809,Merton,51.41667956,-0.16175334,Speed Camera,30
22/709810,Merton,51.39236355,-0.13954286,Speed Camera,30
22/709811,Merton,51.40764664,-0.17761624,Speed Camera,30
22/709812,Merton,51.43484037,-0.22447354,Speed Camera,30
17/802006,Newham,51.5257478,0.02887963,Red Light,30
17/802007,Newham,51.53614958,-0.00447134,Red Light,30
17/802008,Newham,51.53363976,-0.0075946,Red Light,30
17/701536,Newham,51.54950881,0.06788536,Speed Camera,50
17/702533,Newham,51.54716656,0.06863016,Speed Camera,50
17/702550,Newham,51.51266498,0.07095834,Speed Camera,40
17/702551,Newham,51.51007531,0.07094173,Speed Camera,40
17/702552,Newham,51.51007531,0.07094173,Speed Camera,40
17/702564,Newham,51.55191757,-0.01317162,Speed Camera,40
17/702628,Newham,51.5313331,0.04487228,Speed Camera,30
17/702629,Newham,51.53142497,0.04476105,Speed Camera,30
17/702635,Newham,51.51280948,0.03185009,Speed Camera,30
17/739503,Newham,51.51682946,0.01466093,Average Speed Camera,50
17/739504,Newham,51.51702779,0.01567863,Average Speed Camera,50
17/739506,Newham,51.51744161,0.02349463,Average Speed Camera,50
17/739507,Newham,51.51724535,0.03015937,Average Speed Camera,50
17/739508,Newham,51.51821847,0.03627086,Average Speed Camera,50
17/739510,Newham,51.52007291,0.05728345,Average Speed Camera,50
17/739511,Newham,51.5216465,0.06241406,Average Speed Camera,50
17/739512,Newham,51.52480503,0.07097575,Average Speed Camera,50
17/739513,Newham,51.52651948,0.07624354,Average Speed Camera,50
17/739537,Newham,51.52595237,0.07627541,Average Speed Camera,50
17/739538,Newham,51.5241506,0.07085957,Average Speed Camera,50
17/739539,Newham,51.52080704,0.0615689,Average Speed Camera,50
17/739540,Newham,51.51936729,0.05598319,Average Speed Camera,50
17/739543,Newham,51.51738281,0.03519581,Average Speed Camera,50
17/739544,Newham,51.51683398,0.02846912,Average Speed Camera,50
17/739549,Newham,51.51668178,0.01540391,Average Speed Camera,50
17/739550,Newham,51.51655715,0.01480747,Average Speed Camera,50
14/801032,Redbridge,51.59030707,0.04850078,Red Light,40
14/801033,Redbridge,51.58240896,0.11702617,Red Light,50
14/802004,Redbridge,51.58105808,0.14095299,Red Light,50
14/802036,Redbridge,51.57835396,0.10047054,Red Light,40
14/701526,Redbridge,51.57623986,0.05482459,Speed Camera,40
14/701527,Redbridge,51.57646565,0.05528219,Speed Camera,40
14/701528,Redbridge,51.57488408,0.07564642,Speed Camera,40
14/701529,Redbridge,51.57504162,0.07487428,Speed Camera,40
14/701530,Redbridge,51.57615218,0.09586616,Speed Camera,40
14/701531,Redbridge,51.57975639,0.1030033,Speed Camera,40
14/701532,Redbridge,51.58137461,0.12996892,Speed Camera,40
14/701534,Redbridge,51.57830271,0.04225988,Speed Camera,50
14/701535,Redbridge,51.56921141,0.05152062,Speed Camera,50
14/702534,Redbridge,51.56244793,0.05671334,Speed Camera,50
14/702557,Redbridge,51.57713137,0.03411076,Speed Camera,40
14/702594,Redbridge,51.6093579,0.12765403,Speed Camera,40
14/702617,Redbridge,51.60279094,0.01931445,Speed Camera,30
14/702633,Redbridge,51.61669185,0.02568062,Speed Camera,30
14/702634,Redbridge,51.58422823,0.07764578,Speed Camera,30
14/709403,Redbridge,51.5965563,0.02573752,Speed Camera,50
14/709414,Redbridge,51.56042985,0.03838635,Speed Camera,30
14/709416,Redbridge,51.56282786,0.02923094,Speed Camera,30
14/709417,Redbridge,51.59012257,0.0223185,Speed Camera,30
14/709420,Redbridge,51.60822875,0.12942101,Speed Camera,40
14/709421,Redbridge,51.61153964,0.12486734,Speed Camera,40
14/709422,Redbridge,51.61452625,0.11983564,Speed Camera,40
14/709423,Redbridge,51.57928464,0.04215956,Speed Camera,50
14/709429,Redbridge,51.58708191,0.02134634,Speed Camera,30
14/709440,Redbridge,51.59534595,0.01612548,Speed Camera,50
14/709442,Redbridge,51.56050669,0.05920826,Speed Camera,50
14/709446,Redbridge,51.57621495,0.1004008,Speed Camera,30
14/709447,Redbridge,51.61535472,0.11877643,Speed Camera,40
24/805007,Richmond,51.46787225,-0.28318744,Red Light,40
24/805019,Richmond,51.46908356,-0.27748357,Red Light,40
24/805035,Richmond,51.46514066,-0.24323789,Red Light,30
24/705501,Richmond,51.46063805,-0.31389064,Speed Camera,40
24/705502,Richmond,51.44660945,-0.35755176,Speed Camera,40
24/705503,Richmond,51.44660945,-0.35755176,Speed Camera,40
24/705536,Richmond,51.45062784,-0.34851329,Speed Camera,40
24/705537,Richmond,51.45062736,-0.34911777,Speed Camera,40
24/705538,Richmond,51.47145754,-0.27258501,Speed Camera,40
24/705539,Richmond,51.46233308,-0.31169762,Speed Camera,40
24/705560,Richmond,51.47421235,-0.27829849,Speed Camera,30
24/705561,Richmond,51.47421235,-0.27829849,Speed Camera,30
24/705572,Richmond,51.43806962,-0.35903787,Speed Camera,30
24/705573,Richmond,51.43806962,-0.35903787,Speed Camera,30
24/705574,Richmond,51.41612524,-0.31886625,Speed Camera,30
24/705575,Richmond,51.41801855,-0.32171626,Speed Camera,30
24/705591,Richmond,51.46914662,-0.23872148,Speed Camera,30
24/709833,Richmond,51.4664378,-0.29210994,Speed Camera,30
24/709844,Richmond,54.54919556,-5.44359849,Speed Camera,30
24/709845,Richmond,51.41280007,-0.361539,Speed Camera,30
08/803014,Southwark,51.50254537,-0.0772508,Red Light,30
08/803015,Southwark,51.4778176,-0.07028415,Red Light,30
08/803016,Southwark,51.49723081,-0.10711039,Red Light,30
08/803017,Southwark,51.49729294,-0.10817397,Red Light,30
08/803022,Southwark,51.50116829,-0.07772664,Red Light,30
08/804019,Southwark,51.46473126,-0.08387977,Red Light,30
08/804020,Southwark,51.43606736,-0.09082012,Red Light,30
08/804045,Southwark,51.47865023,-0.09424153,Red Light,30
08/804048,Southwark,51.45324384,-0.08696593,Red Light,30
08/804054,Southwark,51.48837004,-0.07653663,Red Light,30
08/804058,Southwark,51.4986839,-0.06992132,Red Light,30
08/809361,Southwark,51.47402456,-0.09237507,Red Light,30
08/703308,Southwark,51.42317299,-0.07661412,Speed Camera,30
08/703309,Southwark,51.42317299,-0.07661412,Speed Camera,30
08/703311,Southwark,51.45586759,-0.06384017,Speed Camera,30
08/703312,Southwark,51.45596526,-0.06376408,Speed Camera,30
08/703345,Southwark,51.50160144,-0.03550514,Speed Camera,30
08/703346,Southwark,51.4978029,-0.03744071,Speed Camera,30
08/704463,Southwark,51.44252556,-0.07770067,Speed Camera,30
08/704464,Southwark,51.49404728,-0.08825487,Speed Camera,30
08/704465,Southwark,51.4304473,-0.07436655,Speed Camera,30
08/704466,Southwark,51.4304473,-0.07436655,Speed Camera,30
08/704485,Southwark,51.49270827,-0.08390268,Speed Camera,30
08/704486,Southwark,51.43100954,-0.08893056,Speed Camera,30
08/704490,Southwark,51.45990118,-0.09153884,Speed Camera,20
08/704491,Southwark,51.46401929,-0.05377748,Speed Camera,20
08/704492,Southwark,51.46401929,-0.05377748,Speed Camera,20
08/704493,Southwark,51.45323257,-0.0502781,Speed Camera,20
08/709227,Southwark,51.48133684,-0.06120626,Speed Camera,30
08/709228,Southwark,51.47366372,-0.08128799,Speed Camera,30
21/804013,Sutton,51.37888921,-0.20038524,Red Light,40
21/804014,Sutton,51.37868563,-0.20118356,Red Light,40
21/804023,Sutton,51.36712051,-0.15372573,Red Light,30
21/804024,Sutton,51.35900199,-0.21301442,Red Light,40
21/804025,Sutton,51.35844413,-0.21299305,Red Light,40
21/804028,Sutton,51.37137569,-0.20888354,Red Light,40
21/804029,Sutton,51.3716865,-0.20803811,Red Light,40
21/804049,Sutton,51.36770989,-0.15403246,Red Light,30
21/704455,Sutton,51.35314552,-0.20992473,Speed Camera,40
21/704456,Sutton,51.34848642,-0.20634392,Speed Camera,40
21/705579,Sutton,51.38578311,-0.17920345,Speed Camera,30
21/705581,Sutton,51.38183633,-0.17233281,Speed Camera,30
21/705582,Sutton,51.3744466,-0.16959546,Speed Camera,30
21/705598,Sutton,51.38165189,-0.15653248,Speed Camera,30
21/709829,Sutton,51.36500588,-0.2145765,Speed Camera,40
21/709830,Sutton,51.3752281,-0.19330126,Speed Camera,30
21/709831,Sutton,51.38563722,-0.17041359,Speed Camera,30
21/709832,Sutton,51.3751683,-0.22350668,Speed Camera,30
21/709843,Sutton,51.36991176,-0.14199057,Speed Camera,30
21/709847,Sutton,51.36315757,-0.17517379,Speed Camera,30
05/801038,Tower Hamlets,51.51124613,-0.01387575,Red Light,30
05/802021,Tower Hamlets,51.51201544,-0.02855702,Red Light,30
05/802022,Tower Hamlets,51.51201544,-0.02855702,Red Light,30
05/700001,Tower Hamlets,51.51097183,-0.03980003,Speed Camera,30
05/700002,Tower Hamlets,51.50906522,-0.03227284,Speed Camera,30
05/700003,Tower Hamlets,51.47831888,-5.1662001,Speed Camera,30
05/700004,Tower Hamlets,51.50869187,-0.02344055,Speed Camera,30
05/700005,Tower Hamlets,51.50928694,-0.03262355,Speed Camera,30
05/700006,Tower Hamlets,51.51101828,-0.03935127,Speed Camera,30
05/701551,Tower Hamlets,51.50188866,-0.02583884,Speed Camera,30
05/701552,Tower Hamlets,51.51382164,-0.04999707,Speed Camera,30
05/701556,Tower Hamlets,51.49618671,-0.02581165,Speed Camera,30
05/701558,Tower Hamlets,51.52046228,-0.05348992,Speed Camera,30
05/701567,Tower Hamlets,51.52688061,-0.02696306,Speed Camera,30
05/701568,Tower Hamlets,51.52670089,-0.02697083,Speed Camera,30
05/701574,Tower Hamlets,51.53878585,-0.02582802,Speed Camera,40
05/701579,Tower Hamlets,51.48837898,-0.01877404,Speed Camera,30
05/701580,Tower Hamlets,51.52251514,-0.04175468,Speed Camera,30
05/701581,Tower Hamlets,51.48737726,-0.0164408,Speed Camera,30
05/701582,Tower Hamlets,51.51108466,-0.01443043,Speed Camera,30
05/701583,Tower Hamlets,51.51108466,-0.01443043,Speed Camera,30
05/702501,Tower Hamlets,51.51517931,-0.00876086,Speed Camera,30
05/702502,Tower Hamlets,51.51614232,-0.00880531,Speed Camera,30
05/702503,Tower Hamlets,51.5197356,-0.01016199,Speed Camera,30
05/702504,Tower Hamlets,51.51976965,-0.01057852,Speed Camera,30
05/702505,Tower Hamlets,51.52836512,-0.01207793,Speed Camera,30
05/702507,Tower Hamlets,51.54051457,-0.02648866,Speed Camera,40
05/702580,Tower Hamlets,51.49989393,-0.02593951,Speed Camera,30
05/702584,Tower Hamlets,51.49840172,-0.02597521,Speed Camera,30
05/702604,Tower Hamlets,51.50940305,-0.06282452,Speed Camera,30
05/702605,Tower Hamlets,51.50926349,-0.06254221,Speed Camera,30
05/702606,Tower Hamlets,51.50987918,-0.04869555,Speed Camera,30
05/702607,Tower Hamlets,51.50852623,-0.07018249,Speed Camera,30
05/702608,Tower Hamlets,51.50839781,-0.0700294,Speed Camera,30
05/709003,Tower Hamlets,51.53062452,-0.01646347,Speed Camera,30
05/709006,Tower Hamlets,51.51440073,-0.05616984,Speed Camera,30
05/709026,Tower Hamlets,54.67976902,-5.39330773,Speed Camera,30
05/709031,Tower Hamlets,51.51131831,-0.02400416,Speed Camera,30
05/709032,Tower Hamlets,51.5072942,-0.01311106,Speed Camera,40
05/709033,Tower Hamlets,51.50720111,-0.01239458,Speed Camera,40
13/801026,Waltham Forest,51.5587293,-0.00706084,Red Light,30
13/701539,Waltham Forest,51.60559564,-0.02554663,Speed Camera,50
13/701543,Waltham Forest,51.60553445,-0.02458165,Speed Camera,50
13/702558,Waltham Forest,51.55627123,-0.00687977,Speed Camera,50
13/702559,Waltham Forest,51.56887446,0.00761038,Speed Camera,50
13/702560,Waltham Forest,51.56931496,0.00866872,Speed Camera,50
13/702600,Waltham Forest,51.58627643,-0.05007346,Speed Camera,30
13/702601,Waltham Forest,51.58616812,-0.05004921,Speed Camera,30
13/702602,Waltham Forest,51.58694508,-0.04377946,Speed Camera,30
13/702609,Waltham Forest,51.57388614,-0.01473939,Speed Camera,30
13/702621,Waltham Forest,51.58667772,0.00666223,Speed Camera,40
13/702622,Waltham Forest,51.58667772,0.00666223,Speed Camera,40
13/702630,Waltham Forest,51.57488263,0.01383521,Speed Camera,40
13/702632,Waltham Forest,51.57704284,0.01162146,Speed Camera,40
13/702636,Waltham Forest,51.57836506,0.00635416,Speed Camera,40
13/702637,Waltham Forest,51.57903063,0.00582057,Speed Camera,40
13/709405,Waltham Forest,51.57248869,-0.01878321,Speed Camera,30
13/709409,Waltham Forest,51.56344953,-0.04282467,Speed Camera,30
13/709430,Waltham Forest,51.58975299,-0.02725824,Speed Camera,30
13/709448,Waltham Forest,51.58989998,-0.01411424,Speed Camera,30
10/805008,Wandsworth,51.45053897,-0.17449863,Red Light,30
10/805009,Wandsworth,51.44411961,-0.16825005,Red Light,30
10/805010,Wandsworth,51.47212138,-0.16584767,Red Light,30
10/805011,Wandsworth,51.46895974,-0.17704662,Red Light,30
10/805018,Wandsworth,51.44428879,-0.23500073,Red Light,40
10/805025,Wandsworth,51.45381787,-0.24377314,Red Light,30
10/805026,Wandsworth,51.45510271,-0.20802737,Red Light,30
10/805027,Wandsworth,51.43420817,-0.16241668,Red Light,30
10/805028,Wandsworth,51.45520833,-0.20728915,Red Light,30
10/805029,Wandsworth,51.46193141,-0.18658324,Red Light,30
10/805030,Wandsworth,51.46292368,-0.18445644,Red Light,30
10/805034,Wandsworth,51.45817568,-0.18156426,Red Light,30
10/805042,Wandsworth,51.42787092,-0.16833879,Red Light,30
10/805043,Wandsworth,51.42368794,-0.17228905,Red Light,30
10/805044,Wandsworth,51.42826524,-0.16767566,Red Light,30
10/809881,Wandsworth,51.45850473,-0.18248686,Red Light,30
10/705528,Wandsworth,51.44315693,-0.23867061,Speed Camera,40
10/705529,Wandsworth,51.44761589,-0.23618211,Speed Camera,30
10/705530,Wandsworth,51.44662781,-0.23565892,Speed Camera,30
10/705533,Wandsworth,51.44584366,-0.22957304,Speed Camera,40
10/705545,Wandsworth,51.4839756,-0.13066111,Speed Camera,30
10/705546,Wandsworth,51.4839756,-0.13066111,Speed Camera,30
10/705570,Wandsworth,51.45615096,-0.15213634,Speed Camera,30
10/705571,Wandsworth,51.45463707,-0.14908838,Speed Camera,30
10/705578,Wandsworth,51.4494163,-0.1734352,Speed Camera,30
10/705583,Wandsworth,51.45147697,-0.17525283,Speed Camera,40
10/705586,Wandsworth,51.46604751,-0.17945179,Speed Camera,30
10/705588,Wandsworth,51.43918422,-0.1563031,Speed Camera,30
10/705589,Wandsworth,51.44968817,-0.22037183,Speed Camera,40
10/705590,Wandsworth,51.44559074,-0.15082118,Speed Camera,30
10/709813,Wandsworth,51.45607544,-0.21934627,Speed Camera,30
10/709816,Wandsworth,51.45259113,-0.2143435,Speed Camera,30
10/709820,Wandsworth,51.4552654,-0.1794632,Speed Camera,40
10/709841,Wandsworth,51.46337836,-0.22949949,Speed Camera,30
01/801053,Westminster,51.52866917,-0.1815681,Red Light,30
01/801055,Westminster,51.51764858,-0.14281668,Red Light,30
01/808001,Westminster,51.52186976,-0.15902027,Red Light,30
01/808002,Westminster,51.53375468,-0.1876807,Red Light,30
01/808003,Westminster,51.53343425,-0.18789529,Red Light,30
01/808004,Westminster,51.51120514,-0.15734635,Red Light,40
01/808005,Westminster,51.49809294,-0.14417401,Red Light,30
01/808007,Westminster,51.48580287,-0.14948399,Red Light,30
01/808008,Westminster,51.51457793,-0.15909823,Red Light,30
01/808009,Westminster,51.51769399,-0.15538353,Red Light,30
01/808012,Westminster,51.51532306,-0.1413403,Red Light,30
01/808013,Westminster,51.52350188,-0.1473067,Red Light,30
01/808014,Westminster,51.52397135,-0.14571632,Red Light,30
01/808015,Westminster,51.52082815,-0.16485697,Red Light,30
01/808016,Westminster,51.52224138,-0.15691508,Red Light,30
01/808017,Westminster,51.5335103,-0.17308438,Red Light,30
01/808018,Westminster,51.52025333,-0.17066028,Red Light,30
01/808019,Westminster,51.52410349,-0.14383691,Red Light,30
01/808020,Westminster,51.51162423,-0.14741416,Red Light,30
01/808021,Westminster,51.52052573,-0.15875737,Red Light,30
01/808023,Westminster,51.5125795,-0.11536618,Red Light,30
01/808024,Westminster,51.5125795,-0.11536618,Red Light,30
01/808025,Westminster,51.51729805,-0.18186273,Red Light,30
01/808026,Westminster,51.51745457,-0.18267806,Red Light,30
01/808027,Westminster,51.48884719,-0.12994333,Red Light,30
01/809161,Westminster,51.52009842,-0.1447638,Red Light,30
01/708501,Westminster,51.51135657,-0.17797768,Speed Camera,30
01/708502,Westminster,51.51135657,-0.17797768,Speed Camera,30
01/708503,Westminster,51.50891636,-0.15533475,Speed Camera,40
01/708504,Westminster,51.49227136,-0.12530862,Speed Camera,30
01/708505,Westminster,51.49227136,-0.12530862,Speed Camera,30
01/708506,Westminster,51.48754107,-0.13037128,Speed Camera,30
01/708507,Westminster,51.53792755,-0.17609424,Speed Camera,30
01/708508,Westminster,51.53792755,-0.17609424,Speed Camera,30
01/709017,Westminster,51.52191641,-0.19325387,Speed Camera,30
01/709036,Westminster,51.49153676,-0.13563865,Speed Camera,30
01/709037,Westminster,51.49090762,-0.1339645,Speed Camera,30